{
  "H0": {
    "mass": 1.6735575e-24,
    "ion_energy": 0.0
  },
  "H1": {
    "mass": 1.6726219e-24,
    "ion_energy": 13.5984
  },

  "N0": {
    "mass": 2.3258671e-23,
    "ion_energy": 0.0
  },
  "N1": {
    "mass": 2.3257010e-23,
    "ion_energy": 14.534
  },
  "N2": {
    "mass": 2.3255349e-23,
    "ion_energy": 29.6013
  },
  "N3": {
    "mass": 2.3253688e-23,
    "ion_energy": 47.4493
  },
  "N4": {
    "mass": 2.3252027e-23,
    "ion_energy": 77.4735
  },
  "N5": {
    "mass": 2.3250366e-23,
    "ion_energy": 97.8901
  }
}